POSCAR_O_321.vasp,0.863295629
POSCAR_O_1495.vasp,0.589780846
POSCAR_O_325.vasp,0.795209215
POSCAR_O_1533.vasp,0.914177501
POSCAR_O_444.vasp,0.406556648
POSCAR_O_430.vasp,0.649253238
POSCAR_O_1615.vasp,0.079989083
POSCAR_O_1777.vasp,1.07530548
POSCAR_O_113.vasp,1.427724538
POSCAR_O_977.vasp,1.372155948
POSCAR_O_81.vasp,0.213231237
POSCAR_O_556.vasp,0.667565285
POSCAR_O_1449.vasp,0.207735857
POSCAR_O_951.vasp,1.760217518
POSCAR_O_158.vasp,1.393395677
POSCAR_O_754.vasp,0.247807475
POSCAR_O_361.vasp,0.846807914
POSCAR_O_309.vasp,-0.016868709
POSCAR_O_1603.vasp,0.965951569
POSCAR_O_409.vasp,1.28227776
POSCAR_O_28.vasp,0.528196733
POSCAR_O_974.vasp,0.930287754
POSCAR_O_789.vasp,0.249483097
POSCAR_O_1196.vasp,0.604437382
POSCAR_O_286.vasp,0.721214755
POSCAR_O_38.vasp,1.251714621
POSCAR_O_726.vasp,1.004201987
POSCAR_O_686.vasp,0.68571275
POSCAR_O_734.vasp,1.004011965
POSCAR_O_470.vasp,0.35471206
POSCAR_O_1609.vasp,1.289515056
POSCAR_O_552.vasp,0.420192361
POSCAR_O_918.vasp,0.313012232
POSCAR_O_1670.vasp,0.886698037
POSCAR_O_1279.vasp,0.636409434
POSCAR_O_1876.vasp,0.59043993
POSCAR_O_165.vasp,0.718680901
POSCAR_O_1088.vasp,0.890103871
POSCAR_O_1462.vasp,0.169581855
POSCAR_O_1014.vasp,1.399748772
POSCAR_O_85.vasp,0.42927923
POSCAR_O_1828.vasp,0.287667509
POSCAR_O_1329.vasp,0.732812947
POSCAR_O_1838.vasp,0.602486075
POSCAR_O_219.vasp,1.094864334
POSCAR_O_1160.vasp,0.615543282
POSCAR_O_1174.vasp,0.006244184
POSCAR_O_1249.vasp,0.803415241
POSCAR_O_769.vasp,1.258602293
POSCAR_O_933.vasp,1.70971156
POSCAR_O_412.vasp,1.076114283
POSCAR_O_48.vasp,0.805987527
POSCAR_O_1129.vasp,0.156070949
POSCAR_O_1470.vasp,0.643226442
POSCAR_O_1045.vasp,0.459223824
POSCAR_O_1772.vasp,0.817462364
POSCAR_O_1267.vasp,1.067225587
POSCAR_O_1501.vasp,0.443408241
POSCAR_O_1758.vasp,0.579040601
POSCAR_O_550.vasp,0.427599607
POSCAR_O_846.vasp,1.000594268
POSCAR_O_1563.vasp,0.815208439
POSCAR_O_36.vasp,0.459613533
POSCAR_O_206.vasp,0.962499882
POSCAR_O_988.vasp,0.650570416
POSCAR_O_877.vasp,1.669362119
POSCAR_O_651.vasp,0.690307449
POSCAR_O_1583.vasp,0.452503114
POSCAR_O_1430.vasp,0.81480819
POSCAR_O_127.vasp,0.529774302
POSCAR_O_772.vasp,0.225651636
POSCAR_O_1319.vasp,0.86990429
POSCAR_O_1516.vasp,0.805615545
POSCAR_O_627.vasp,-0.235622197
POSCAR_O_481.vasp,0.444778864
POSCAR_O_825.vasp,0.96156325
POSCAR_O_530.vasp,1.424792929
POSCAR_O_1710.vasp,0.415973241
POSCAR_O_173.vasp,0.675727283
POSCAR_O_905.vasp,1.101025379
POSCAR_O_154.vasp,-0.010169316
POSCAR_O_90.vasp,0.652486302
POSCAR_O_115.vasp,0.881594142
POSCAR_O_708.vasp,1.165250527
POSCAR_O_351.vasp,0.989469562
POSCAR_O_1706.vasp,0.58768983
POSCAR_O_1254.vasp,0.825353789
POSCAR_O_1571.vasp,0.823601608
POSCAR_O_1842.vasp,0.227188373
POSCAR_O_22.vasp,0.138411787
POSCAR_O_817.vasp,0.981158147
POSCAR_O_1480.vasp,1.807070942
POSCAR_O_962.vasp,1.268846095
POSCAR_O_96.vasp,0.271629658
POSCAR_O_653.vasp,1.097950914
POSCAR_O_1461.vasp,1.230542582
POSCAR_O_892.vasp,1.105034725
POSCAR_O_1729.vasp,-0.360233811
POSCAR_O_1094.vasp,1.816465501
POSCAR_O_1327.vasp,0.865335939
POSCAR_O_692.vasp,0.107796732
POSCAR_O_194.vasp,0.839528464
POSCAR_O_1708.vasp,0.791908975
POSCAR_O_1343.vasp,1.399653103
POSCAR_O_875.vasp,0.837905008
POSCAR_O_1684.vasp,1.349867306
POSCAR_O_700.vasp,1.814913112
POSCAR_O_1529.vasp,1.017707876
POSCAR_O_410.vasp,1.13441301
POSCAR_O_26.vasp,0.255027809
POSCAR_O_264.vasp,1.063369689
POSCAR_O_1434.vasp,1.12440248
POSCAR_O_1819.vasp,0.384081653
POSCAR_O_1744.vasp,1.149302349
POSCAR_O_834.vasp,0.668757835
POSCAR_O_831.vasp,-0.059567814
POSCAR_O_123.vasp,1.126320205
POSCAR_O_573.vasp,1.361827523
POSCAR_O_1269.vasp,0.548639338
POSCAR_O_1797.vasp,0.132479348
POSCAR_O_142.vasp,1.45321354
POSCAR_O_246.vasp,1.060420277
POSCAR_O_1459.vasp,0.632987541
POSCAR_O_1428.vasp,0.869721804
POSCAR_O_299.vasp,0.841624542
POSCAR_O_1084.vasp,1.589380961
POSCAR_O_282.vasp,0.523608676
POSCAR_O_520.vasp,0.325536179
POSCAR_O_1573.vasp,0.957744315
POSCAR_O_1697.vasp,0.737484151
POSCAR_O_1339.vasp,0.892336348
POSCAR_O_1360.vasp,1.123292283
POSCAR_O_1534.vasp,0.762573912
POSCAR_O_1860.vasp,0.222108846
POSCAR_O_582.vasp,0.413449132
POSCAR_O_227.vasp,1.107167439
POSCAR_O_359.vasp,1.054899827
POSCAR_O_370.vasp,1.314619953
POSCAR_O_1106.vasp,0.847208202
POSCAR_O_886.vasp,1.405465821
POSCAR_O_1176.vasp,0.054550816
POSCAR_O_50.vasp,1.282901425
POSCAR_O_533.vasp,1.486074428
POSCAR_O_1194.vasp,1.038050632
POSCAR_O_1637.vasp,0.741834638
POSCAR_O_111.vasp,0.493170103
POSCAR_O_1188.vasp,0.961671084
POSCAR_O_815.vasp,1.232169865
POSCAR_O_399.vasp,0.923031319
POSCAR_O_1548.vasp,0.880103487
POSCAR_O_908.vasp,0.244524376
POSCAR_O_248.vasp,1.211700861
POSCAR_O_1379.vasp,0.656170185
POSCAR_O_1541.vasp,0.364667382
POSCAR_O_1058.vasp,0.750202154
POSCAR_O_649.vasp,0.985906546
POSCAR_O_1680.vasp,0.621343654
POSCAR_O_687.vasp,0.265551909
POSCAR_O_1863.vasp,1.444245802
POSCAR_O_531.vasp,1.144720455
POSCAR_O_1436.vasp,0.317990214
POSCAR_O_574.vasp,0.517101093
POSCAR_O_1527.vasp,1.510670995
POSCAR_O_1846.vasp,0.526197916
POSCAR_O_1164.vasp,0.453249145
POSCAR_O_718.vasp,0.444371016
POSCAR_O_545.vasp,1.511089072
POSCAR_O_8.vasp,0.757500669
POSCAR_O_1385.vasp,0.80860513
POSCAR_O_1260.vasp,0.148719411
POSCAR_O_1465.vasp,0.733065728
POSCAR_O_903.vasp,0.69441231
POSCAR_O_1849.vasp,0.892524795
POSCAR_O_1321.vasp,0.747500223
POSCAR_O_787.vasp,0.923856005
POSCAR_O_841.vasp,0.883690604
POSCAR_O_972.vasp,1.09172755
POSCAR_O_1695.vasp,0.433095514
POSCAR_O_670.vasp,0.764062037
POSCAR_O_379.vasp,0.474493953
POSCAR_O_514.vasp,0.471697668
POSCAR_O_829.vasp,1.235718824
POSCAR_O_1004.vasp,0.314297797
POSCAR_O_920.vasp,0.880592491
POSCAR_O_631.vasp,0.531638926
POSCAR_O_1703.vasp,1.1857513
POSCAR_O_728.vasp,0.865746126
POSCAR_O_1512.vasp,0.919245187
POSCAR_O_1210.vasp,0.844490797
POSCAR_O_1748.vasp,1.103830249
POSCAR_O_591.vasp,1.235428001
POSCAR_O_1714.vasp,0.546080235
POSCAR_O_603.vasp,0.843642134
POSCAR_O_1337.vasp,0.905386726
POSCAR_O_1613.vasp,1.408394291
POSCAR_O_1443.vasp,0.722550865
POSCAR_O_1186.vasp,1.265446583
POSCAR_O_52.vasp,0.212592105
POSCAR_O_1017.vasp,0.72909469
POSCAR_O_1569.vasp,0.360682641
POSCAR_O_1723.vasp,0.151895718
POSCAR_O_1731.vasp,0.575168293
POSCAR_O_1062.vasp,0.573842454
POSCAR_O_639.vasp,0.207628234
POSCAR_O_1168.vasp,0.265984497
POSCAR_O_1387.vasp,0.646058684
POSCAR_O_1607.vasp,0.744974078
POSCAR_O_1477.vasp,1.019089198
POSCAR_O_1035.vasp,0.441824376
POSCAR_O_694.vasp,0.443814848
POSCAR_O_179.vasp,0.219215389
POSCAR_O_896.vasp,1.249998004
POSCAR_O_1625.vasp,1.427199969
POSCAR_O_503.vasp,0.625853661
POSCAR_O_1136.vasp,0.813476366
POSCAR_O_1801.vasp,0.863296761
POSCAR_O_252.vasp,0.594362533
POSCAR_O_751.vasp,-0.024859281
POSCAR_O_645.vasp,0.798504234
POSCAR_O_1712.vasp,0.889310681
POSCAR_O_420.vasp,0.708660843
POSCAR_O_442.vasp,1.734137068
POSCAR_O_240.vasp,0.434100357
POSCAR_O_844.vasp,1.301359861
POSCAR_O_809.vasp,1.238617653
POSCAR_O_100.vasp,1.032493944
POSCAR_O_1273.vasp,0.613656456
POSCAR_O_1039.vasp,1.001268488
POSCAR_O_208.vasp,1.292109468
POSCAR_O_1481.vasp,0.162090005
POSCAR_O_1297.vasp,1.454194621
POSCAR_O_1775.vasp,0.237104146
POSCAR_O_414.vasp,1.406794787
POSCAR_O_1536.vasp,1.565797315
POSCAR_O_1752.vasp,1.97721606
POSCAR_O_801.vasp,0.44022623
POSCAR_O_485.vasp,0.200004903
POSCAR_O_1391.vasp,1.102002213
POSCAR_O_1349.vasp,0.973593709
POSCAR_O_674.vasp,0.483682916
POSCAR_O_268.vasp,0.992963678
POSCAR_O_1627.vasp,0.742115622
POSCAR_O_882.vasp,0.726459631
POSCAR_O_507.vasp,0.58697142
POSCAR_O_1381.vasp,-0.05145362
POSCAR_O_1665.vasp,0.229091158
POSCAR_O_212.vasp,0.560245605
POSCAR_O_1247.vasp,1.533121387
POSCAR_O_343.vasp,0.786889426
POSCAR_O_1366.vasp,0.390043743
POSCAR_O_778.vasp,0.759077357
POSCAR_O_1047.vasp,0.725707843
POSCAR_O_1162.vasp,0.585992824
POSCAR_O_1690.vasp,1.241394176
POSCAR_O_102.vasp,1.221165588
POSCAR_O_289.vasp,1.217807752
POSCAR_O_337.vasp,0.542857826
POSCAR_O_1354.vasp,0.23846453
POSCAR_O_1736.vasp,0.029329081
POSCAR_O_992.vasp,0.155931602
POSCAR_O_177.vasp,0.590965986
POSCAR_O_56.vasp,1.052021662
POSCAR_O_1509.vasp,1.052855663
POSCAR_O_1781.vasp,1.153315504
POSCAR_O_1414.vasp,0.30651675
POSCAR_O_1593.vasp,1.054914298
POSCAR_O_617.vasp,0.886467783
POSCAR_O_12.vasp,0.468316789
POSCAR_O_1483.vasp,1.003290421
POSCAR_O_14.vasp,0.883710783
POSCAR_O_621.vasp,0.738352781
POSCAR_O_593.vasp,0.77628032
POSCAR_O_1031.vasp,0.993158813
POSCAR_O_1826.vasp,0.203818879
POSCAR_O_1236.vasp,0.979953675
POSCAR_O_454.vasp,1.30968307
POSCAR_O_931.vasp,0.741978594
POSCAR_O_1719.vasp,0.65081947
POSCAR_O_1542.vasp,0.249796873
POSCAR_O_959.vasp,1.342299877
POSCAR_O_130.vasp,1.209960563
POSCAR_O_1305.vasp,0.604795822
POSCAR_O_1422.vasp,1.302110926
POSCAR_O_293.vasp,0.42309649
POSCAR_O_1212.vasp,0.715366888
POSCAR_O_1654.vasp,1.765079283
POSCAR_O_1096.vasp,0.922041279
POSCAR_O_968.vasp,0.994238881
POSCAR_O_1472.vasp,1.310405286
POSCAR_O_188.vasp,0.041319909
POSCAR_O_791.vasp,1.072834923
POSCAR_O_1585.vasp,1.396958093
POSCAR_O_144.vasp,1.677825356
POSCAR_O_803.vasp,0.928957491
POSCAR_O_779.vasp,0.183618672
POSCAR_O_456.vasp,1.069222467
POSCAR_O_1154.vasp,0.949291943
POSCAR_O_1854.vasp,0.285772932
POSCAR_O_1192.vasp,0.321378027
POSCAR_O_1291.vasp,0.945143956
POSCAR_O_1416.vasp,0.876373957
POSCAR_O_385.vasp,1.360534192
POSCAR_O_260.vasp,0.97786676
POSCAR_O_1831.vasp,0.695662209
POSCAR_O_732.vasp,0.351739966
POSCAR_O_1158.vasp,0.647820608
POSCAR_O_132.vasp,0.700377601
POSCAR_O_489.vasp,1.267550079
POSCAR_O_148.vasp,1.152125036
POSCAR_O_1367.vasp,0.046254867
POSCAR_O_1364.vasp,0.037302999
POSCAR_O_1841.vasp,0.729414901
POSCAR_O_850.vasp,0.92049368
POSCAR_O_1552.vasp,1.02860941
POSCAR_O_349.vasp,0.588089925
POSCAR_O_914.vasp,0.788232229
POSCAR_O_560.vasp,0.801482393
POSCAR_O_1668.vasp,2.05761901
POSCAR_O_1789.vasp,1.751249192
POSCAR_O_1281.vasp,0.397235162
POSCAR_O_548.vasp,1.065447557
POSCAR_O_508.vasp,-0.190271414
POSCAR_O_1759.vasp,0.382662849
POSCAR_O_1811.vasp,1.540674091
POSCAR_O_496.vasp,0.935112896
POSCAR_O_464.vasp,1.351125085
POSCAR_O_256.vasp,0.737729851
POSCAR_O_1493.vasp,0.099163068
POSCAR_O_890.vasp,-0.095042692
POSCAR_O_537.vasp,0.150083383
POSCAR_O_401.vasp,1.116815388
POSCAR_O_535.vasp,-0.111220498
POSCAR_O_347.vasp,0.968774245
POSCAR_O_1021.vasp,1.022349208
POSCAR_O_1837.vasp,0.531223401
POSCAR_O_1503.vasp,0.134781091
POSCAR_O_1577.vasp,0.610444866
POSCAR_O_1060.vasp,0.555731759
POSCAR_O_1559.vasp,0.425522619
POSCAR_O_713.vasp,1.871302069
POSCAR_O_46.vasp,0.80448111
POSCAR_O_1611.vasp,1.41171453
POSCAR_O_395.vasp,0.290797864
POSCAR_O_541.vasp,0.787287706
POSCAR_O_1856.vasp,0.117016642
POSCAR_O_1027.vasp,1.47752207
POSCAR_O_987.vasp,0.646639335
POSCAR_O_765.vasp,1.775685997
POSCAR_O_121.vasp,0.906160893
POSCAR_O_60.vasp,1.079079322
POSCAR_O_661.vasp,0.314526058
POSCAR_O_44.vasp,1.110718069
POSCAR_O_1108.vasp,0.534758755
POSCAR_O_1373.vasp,0.299787069
POSCAR_O_1256.vasp,0.568598421
POSCAR_O_558.vasp,0.206735734
POSCAR_O_1617.vasp,1.352915107
POSCAR_O_1783.vasp,0.408316908
POSCAR_O_376.vasp,0.057393574
POSCAR_O_24.vasp,0.600363607
POSCAR_O_280.vasp,0.564477443
POSCAR_O_1117.vasp,0.658111302
POSCAR_O_819.vasp,1.373397676
POSCAR_O_842.vasp,0.663989105
POSCAR_O_702.vasp,0.628732825
POSCAR_O_169.vasp,1.061139682
POSCAR_O_1442.vasp,0.845175328
POSCAR_O_902.vasp,0.26548106
POSCAR_O_366.vasp,1.728836296
POSCAR_O_1299.vasp,-0.042801706
POSCAR_O_753.vasp,0.002261877
POSCAR_O_1438.vasp,0.796532709
POSCAR_O_183.vasp,1.160937747
POSCAR_O_1015.vasp,0.727898515
POSCAR_O_633.vasp,1.05005177
POSCAR_O_494.vasp,0.500340999
POSCAR_O_63.vasp,0.628155861
POSCAR_O_783.vasp,0.26641608
POSCAR_O_1311.vasp,0.639473119
POSCAR_O_1012.vasp,-0.273939058
POSCAR_O_657.vasp,1.284113178
POSCAR_O_921.vasp,0.695227139
POSCAR_O_185.vasp,0.856539262
POSCAR_O_1190.vasp,0.684486868
POSCAR_O_1660.vasp,1.057164563
POSCAR_O_152.vasp,0.749333952
POSCAR_O_715.vasp,1.303234202
POSCAR_O_1599.vasp,1.0252582
POSCAR_O_1807.vasp,0.716080155
POSCAR_O_315.vasp,0.621382785
POSCAR_O_1352.vasp,0.077142425
POSCAR_O_1518.vasp,0.424415868
POSCAR_O_587.vasp,0.650375073
POSCAR_O_764.vasp,1.364491613
POSCAR_O_2.vasp,0.463774856
POSCAR_O_696.vasp,0.308432694
POSCAR_O_1497.vasp,-0.093564633
POSCAR_O_1761.vasp,1.325048004
POSCAR_O_77.vasp,1.134721677
POSCAR_O_181.vasp,-0.152320292
POSCAR_O_1525.vasp,-0.023189072
POSCAR_O_1082.vasp,0.622649256
POSCAR_O_67.vasp,0.420483712
POSCAR_O_242.vasp,0.62736229
POSCAR_O_561.vasp,0.240819407
POSCAR_O_164.vasp,0.739095074
POSCAR_O_1143.vasp,0.391240624
POSCAR_O_774.vasp,0.858582897
POSCAR_O_368.vasp,0.908332994
POSCAR_O_138.vasp,0.939666705
POSCAR_O_190.vasp,1.814392976
POSCAR_O_1064.vasp,0.826330693
POSCAR_O_1123.vasp,1.010995516
POSCAR_O_1293.vasp,1.64918859
POSCAR_O_136.vasp,0.354474772
POSCAR_O_462.vasp,0.733128098
POSCAR_O_720.vasp,1.755784331
POSCAR_O_1033.vasp,0.595443008
POSCAR_O_990.vasp,0.471124142
POSCAR_O_878.vasp,-0.144964548
POSCAR_O_1347.vasp,0.806719698
POSCAR_O_994.vasp,0.931017753
POSCAR_O_793.vasp,0.785799483
POSCAR_O_1639.vasp,1.249147217
POSCAR_O_795.vasp,1.807937659
POSCAR_O_738.vasp,0.460232158
POSCAR_O_1358.vasp,0.430004802
POSCAR_O_1522.vasp,1.432308525
POSCAR_O_424.vasp,0.833370146
POSCAR_O_1043.vasp,0.4381273
POSCAR_O_1098.vasp,0.573839078
POSCAR_O_884.vasp,1.458173012
POSCAR_O_266.vasp,0.943275966
POSCAR_O_925.vasp,1.268766805
POSCAR_O_1718.vasp,0.741801317
POSCAR_O_1785.vasp,1.129494089
POSCAR_O_1644.vasp,0.307645608
POSCAR_O_341.vasp,0.498454318
POSCAR_O_1769.vasp,0.689869395
POSCAR_O_1404.vasp,0.919539742
POSCAR_O_1006.vasp,1.16083399
POSCAR_O_854.vasp,0.524397383
POSCAR_O_923.vasp,1.003893956
POSCAR_O_71.vasp,0.93452584
POSCAR_O_1686.vasp,-0.003452094
POSCAR_O_231.vasp,0.287943805
POSCAR_O_1489.vasp,0.418354151
POSCAR_O_452.vasp,1.234764302
POSCAR_O_94.vasp,0.891156114
POSCAR_O_1229.vasp,1.239013719
POSCAR_O_1170.vasp,0.617983923
POSCAR_O_1440.vasp,0.231819328
POSCAR_O_1410.vasp,1.356003954
POSCAR_O_1453.vasp,0.825452195
POSCAR_O_223.vasp,0.470345207
POSCAR_O_1377.vasp,0.317039522
POSCAR_O_1505.vasp,0.869364971
POSCAR_O_307.vasp,1.217836929
POSCAR_O_1704.vasp,0.363967216
POSCAR_O_1237.vasp,1.7490881
POSCAR_O_776.vasp,1.009530838
POSCAR_O_1019.vasp,1.85193896
POSCAR_O_215.vasp,0.693123814
POSCAR_O_1815.vasp,0.282710668
POSCAR_O_387.vasp,1.560364567
POSCAR_O_1023.vasp,2.099618381
POSCAR_O_69.vasp,0.781752063
POSCAR_O_1861.vasp,0.501844377
POSCAR_O_1721.vasp,0.905053969
POSCAR_O_1115.vasp,0.736092825
POSCAR_O_323.vasp,0.470294161
POSCAR_O_1629.vasp,0.055962175
POSCAR_O_1420.vasp,0.412799851
POSCAR_O_460.vasp,1.213398492
POSCAR_O_1056.vasp,0.03413421
POSCAR_O_32.vasp,0.272671224
POSCAR_O_898.vasp,0.928247141
POSCAR_O_1699.vasp,0.740086253
POSCAR_O_1550.vasp,1.077646254
POSCAR_O_418.vasp,0.437477331
POSCAR_O_1821.vasp,0.694881131
POSCAR_O_567.vasp,0.604953964
POSCAR_O_1178.vasp,0.536001211
POSCAR_O_16.vasp,1.551935575
POSCAR_O_1211.vasp,1.218681719
POSCAR_O_238.vasp,0.582648455
POSCAR_O_611.vasp,0.926103748
POSCAR_O_54.vasp,0.758994448
POSCAR_O_756.vasp,0.908249966
POSCAR_O_1250.vasp,-0.146350559
POSCAR_O_1476.vasp,0.614608572
POSCAR_O_58.vasp,0.78183023
POSCAR_O_1223.vasp,1.277790491
POSCAR_O_1202.vasp,1.12900533
POSCAR_O_440.vasp,0.712344545
POSCAR_O_1561.vasp,0.159232552
POSCAR_O_1180.vasp,0.711678464
POSCAR_O_669.vasp,0.7226785
POSCAR_O_258.vasp,1.779733277
POSCAR_O_1858.vasp,0.763879353
POSCAR_O_1306.vasp,1.153762786
POSCAR_O_1539.vasp,0.086974952
POSCAR_O_941.vasp,0.797681943
POSCAR_O_643.vasp,1.41724111
POSCAR_O_935.vasp,1.009897211
POSCAR_O_134.vasp,0.944542905
POSCAR_O_512.vasp,0.261583559
POSCAR_O_1847.vasp,0.499018996
POSCAR_O_659.vasp,0.845917971
POSCAR_O_1546.vasp,0.416878623
POSCAR_O_736.vasp,1.056220473
POSCAR_O_1283.vasp,0.914972428
POSCAR_O_1451.vasp,1.155454368
POSCAR_O_838.vasp,0.420719409
POSCAR_O_912.vasp,0.902570974
POSCAR_O_1301.vasp,1.18387826
POSCAR_O_160.vasp,0.038866136
POSCAR_O_1520.vasp,0.778096232
POSCAR_O_1740.vasp,0.209879407
POSCAR_O_672.vasp,0.770369384
POSCAR_O_1395.vasp,1.873696364
POSCAR_O_109.vasp,1.360835692
POSCAR_O_468.vasp,0.656882783
POSCAR_O_1131.vasp,0.168380281
POSCAR_O_393.vasp,1.34936474
POSCAR_O_1412.vasp,1.219311504
POSCAR_O_403.vasp,0.625204576
POSCAR_O_383.vasp,0.420422645
POSCAR_O_1595.vasp,0.817538288
POSCAR_O_493.vasp,0.392888565
POSCAR_O_1579.vasp,0.967971843
POSCAR_O_210.vasp,0.723374727
POSCAR_O_335.vasp,1.592834558
POSCAR_O_446.vasp,0.201070965
POSCAR_O_676.vasp,0.626169026
POSCAR_O_303.vasp,0.520519124
POSCAR_O_1156.vasp,0.063317674
POSCAR_O_1042.vasp,0.004612605
POSCAR_O_1285.vasp,1.069632631
POSCAR_O_75.vasp,0.572693264
POSCAR_O_1770.vasp,0.151848191
POSCAR_O_300.vasp,0.945490981
POSCAR_O_554.vasp,1.117651063
POSCAR_O_244.vasp,0.775641837
POSCAR_O_276.vasp,1.389590749
POSCAR_O_254.vasp,0.793175341
POSCAR_O_1331.vasp,0.330173631
POSCAR_O_435.vasp,0.126894918
POSCAR_O_1184.vasp,0.373991524
POSCAR_O_1100.vasp,1.369314108
POSCAR_O_510.vasp,0.525033938
POSCAR_O_1002.vasp,0.510429089
POSCAR_O_374.vasp,0.51638566
POSCAR_O_1426.vasp,0.351281914
POSCAR_O_836.vasp,0.483222342
POSCAR_O_526.vasp,0.763190622
POSCAR_O_1779.vasp,1.114897344
POSCAR_O_1524.vasp,1.897726564
POSCAR_O_1205.vasp,1.918131132
POSCAR_O_1397.vasp,0.59717337
POSCAR_O_746.vasp,0.981516356
POSCAR_O_87.vasp,0.38966171
POSCAR_O_823.vasp,1.404541275
POSCAR_O_1763.vasp,1.152342323
POSCAR_O_1341.vasp,0.605007905
POSCAR_O_1511.vasp,0.928692024
POSCAR_O_125.vasp,0.346432426
POSCAR_O_1375.vasp,0.755728931
POSCAR_O_1219.vasp,0.942354262
POSCAR_O_518.vasp,0.631260298
POSCAR_O_1538.vasp,0.909779297
POSCAR_O_1667.vasp,1.209757375
POSCAR_O_296.vasp,0.514474752
POSCAR_O_797.vasp,0.836717563
POSCAR_O_1491.vasp,0.318561878
POSCAR_O_1605.vasp,1.350879294
POSCAR_O_1581.vasp,0.957831756
POSCAR_O_1565.vasp,0.960922389
POSCAR_O_140.vasp,0.990517026
POSCAR_O_1839.vasp,0.279907147
POSCAR_O_1200.vasp,1.436653267
POSCAR_O_1851.vasp,0.909573588
POSCAR_O_1150.vasp,0.016104833
POSCAR_O_1601.vasp,0.413362236
POSCAR_O_1207.vasp,0.670134066
POSCAR_O_229.vasp,1.825137511
POSCAR_O_1587.vasp,1.168858539
POSCAR_O_981.vasp,1.461341778
POSCAR_O_83.vasp,0.281802205
POSCAR_O_1468.vasp,0.3146952
POSCAR_O_313.vasp,0.790666416
POSCAR_O_740.vasp,0.421363145
POSCAR_O_107.vasp,1.044715927
POSCAR_O_805.vasp,0.77918935
POSCAR_O_706.vasp,1.202135882
POSCAR_O_1271.vasp,0.75944142
POSCAR_O_1103.vasp,0.463715899
POSCAR_O_724.vasp,0.881409834
POSCAR_O_717.vasp,0.337666853
POSCAR_O_10.vasp,0.582039938
POSCAR_O_1075.vasp,1.057377537
POSCAR_O_1055.vasp,0.826475658
POSCAR_O_426.vasp,0.659682328
POSCAR_O_589.vasp,1.777433563
POSCAR_O_1575.vasp,0.662396017
POSCAR_O_1078.vasp,0.48120513
POSCAR_O_960.vasp,0.749993258
POSCAR_O_1877.vasp,0.706646034
POSCAR_O_1152.vasp,0.338594345
POSCAR_O_450.vasp,1.231061272
POSCAR_O_1682.vasp,0.356034237
POSCAR_O_1822.vasp,0.864250654
POSCAR_O_894.vasp,0.333596005
POSCAR_O_1066.vasp,1.252834828
POSCAR_O_1873.vasp,0.936679646
POSCAR_O_953.vasp,0.663900331
POSCAR_O_198.vasp,1.991346898
POSCAR_O_1829.vasp,0.471249494
POSCAR_O_647.vasp,1.104095244
POSCAR_O_407.vasp,1.194478972
POSCAR_O_1631.vasp,1.453476436
POSCAR_O_466.vasp,1.4705133
POSCAR_O_1474.vasp,0.225788432
POSCAR_O_1303.vasp,0.885117462
POSCAR_O_1402.vasp,1.102130372
POSCAR_O_910.vasp,1.366375833
POSCAR_O_202.vasp,0.758877823
POSCAR_O_30.vasp,1.078145743
POSCAR_O_1252.vasp,0.562337301
POSCAR_O_1662.vasp,0.269366222
POSCAR_O_362.vasp,0.751288677
POSCAR_O_1313.vasp,0.855171243
POSCAR_O_1464.vasp,0.24979338
POSCAR_O_1139.vasp,1.311903041
POSCAR_O_678.vasp,0.17998841
POSCAR_O_1648.vasp,1.165872487
POSCAR_O_524.vasp,1.010635747
POSCAR_O_1852.vasp,0.139215038
POSCAR_O_1556.vasp,0.867308407
POSCAR_O_1869.vasp,1.345485827
POSCAR_O_434.vasp,0.365846993
POSCAR_O_856.vasp,0.847890587
POSCAR_O_204.vasp,0.318120523
POSCAR_O_1090.vasp,1.250504139
POSCAR_O_516.vasp,1.072516637
POSCAR_O_297.vasp,1.099787254
POSCAR_O_839.vasp,0.653362458
POSCAR_O_225.vasp,1.445367127
POSCAR_O_1817.vasp,0.620826222
POSCAR_O_221.vasp,0.506896119
POSCAR_O_1025.vasp,1.12853786
POSCAR_O_1871.vasp,0.758941544
POSCAR_O_355.vasp,1.357880522
POSCAR_O_1323.vasp,1.576887513
POSCAR_O_907.vasp,0.638993479
POSCAR_O_744.vasp,0.944168245
POSCAR_O_1813.vasp,0.683979307
POSCAR_O_1234.vasp,0.422945908
POSCAR_O_146.vasp,0.987766134
POSCAR_O_1727.vasp,0.306868669
POSCAR_O_1824.vasp,1.838447706
POSCAR_O_607.vasp,0.638787215
POSCAR_O_667.vasp,0.975035856
POSCAR_O_979.vasp,0.110314406
POSCAR_O_637.vasp,0.544161314
POSCAR_O_339.vasp,0.766826738
POSCAR_O_957.vasp,0.052080941
POSCAR_O_233.vasp,0.752570112
POSCAR_O_691.vasp,1.785728114
POSCAR_O_1554.vasp,0.772888972
POSCAR_O_799.vasp,0.490415336
POSCAR_O_781.vasp,0.90278256
POSCAR_O_1478.vasp,0.041883772
POSCAR_O_1333.vasp,0.410000085
POSCAR_O_250.vasp,1.290632092
POSCAR_O_432.vasp,0.98681673
POSCAR_O_584.vasp,1.021271326
POSCAR_O_1010.vasp,0.829425019
POSCAR_O_1086.vasp,1.408003526
POSCAR_O_547.vasp,1.335364212
POSCAR_O_1633.vasp,0.965181096
POSCAR_O_491.vasp,1.252622757
POSCAR_O_937.vasp,0.845066884
POSCAR_O_613.vasp,0.640105863
POSCAR_O_1643.vasp,0.863175163
POSCAR_O_1133.vasp,0.943673582
POSCAR_O_666.vasp,1.126431373
POSCAR_O_416.vasp,1.426921135
POSCAR_O_1121.vasp,0.409888568
POSCAR_O_1393.vasp,0.964503479
POSCAR_O_888.vasp,1.165698182
POSCAR_O_1231.vasp,0.875344593
POSCAR_O_284.vasp,0.4618563
POSCAR_O_873.vasp,1.774956507
POSCAR_O_329.vasp,0.57838019
POSCAR_O_20.vasp,0.403049754
POSCAR_O_1544.vasp,1.113946409
POSCAR_O_1092.vasp,1.909366275
POSCAR_O_900.vasp,1.157777116
POSCAR_O_1000.vasp,1.182522844
POSCAR_O_98.vasp,0.883310737
POSCAR_O_1760.vasp,0.184546012
POSCAR_O_821.vasp,0.391155472
POSCAR_O_539.vasp,0.821404383
POSCAR_O_1070.vasp,0.60893625
POSCAR_O_996.vasp,0.460884533
POSCAR_O_79.vasp,0.265054209
POSCAR_O_1844.vasp,0.91972153
POSCAR_O_1652.vasp,0.928931261
POSCAR_O_1119.vasp,0.451337715
POSCAR_O_1406.vasp,0.385162941
POSCAR_O_1734.vasp,-0.083728793
POSCAR_O_1793.vasp,0.291471119
POSCAR_O_1345.vasp,0.545078841
POSCAR_O_1716.vasp,0.94504205
POSCAR_O_1159.vasp,0.439556069
POSCAR_O_1487.vasp,1.338283186
POSCAR_O_270.vasp,0.351405002
POSCAR_O_945.vasp,1.398565827
POSCAR_O_866.vasp,0.467109778
POSCAR_O_428.vasp,0.724334709
POSCAR_O_294.vasp,0.152396364
POSCAR_O_311.vasp,0.434028774
POSCAR_O_771.vasp,1.013240805
POSCAR_O_1369.vasp,0.994793648
POSCAR_O_119.vasp,0.289550732
POSCAR_O_864.vasp,1.353978058
POSCAR_O_1277.vasp,1.069129191
POSCAR_O_1325.vasp,0.565136375
POSCAR_O_1809.vasp,0.347241123
POSCAR_O_1733.vasp,0.760261415
POSCAR_O_192.vasp,0.840892554
POSCAR_O_722.vasp,1.814609512
POSCAR_O_939.vasp,1.461513119
POSCAR_O_327.vasp,1.051922278
POSCAR_O_421.vasp,0.227306612
POSCAR_O_1243.vasp,1.292630546
POSCAR_O_625.vasp,0.340673312
POSCAR_O_1049.vasp,0.225387515
POSCAR_O_1688.vasp,1.395490307
POSCAR_O_1445.vasp,0.249655038
POSCAR_O_1701.vasp,-0.004509384
POSCAR_O_1805.vasp,0.23768945
POSCAR_O_1008.vasp,0.586212356
POSCAR_O_871.vasp,0.689381986
POSCAR_O_869.vasp,0.056487822
POSCAR_O_522.vasp,0.30115074
POSCAR_O_305.vasp,0.752638706
POSCAR_O_1646.vasp,1.21069921
POSCAR_O_684.vasp,0.69538389
POSCAR_O_664.vasp,0.090936109
POSCAR_O_1531.vasp,0.268799539
POSCAR_O_1485.vasp,1.058391003
POSCAR_O_1350.vasp,0.941855038
POSCAR_O_480.vasp,0.13675991
POSCAR_O_586.vasp,0.649778694
POSCAR_O_345.vasp,0.743673104
POSCAR_O_1799.vasp,0.363509669
POSCAR_O_1664.vasp,0.300735899
POSCAR_O_62.vasp,1.782007141
POSCAR_O_317.vasp,0.499693051
POSCAR_O_1621.vasp,0.88519393
POSCAR_O_580.vasp,1.118357485
POSCAR_O_619.vasp,0.737847634
POSCAR_O_1408.vasp,1.084392466
POSCAR_O_880.vasp,1.396105364
POSCAR_O_916.vasp,0.859093008
POSCAR_O_1432.vasp,0.590427202
POSCAR_O_576.vasp,1.560846587
POSCAR_O_528.vasp,1.428186166
POSCAR_O_1215.vasp,0.518318424
POSCAR_O_1693.vasp,0.472492231
POSCAR_O_1865.vasp,0.335674844
POSCAR_O_1635.vasp,0.730947033
POSCAR_O_852.vasp,0.557038491
POSCAR_O_92.vasp,1.115961176
POSCAR_O_196.vasp,0.874074865
POSCAR_O_1567.vasp,0.83080302
POSCAR_O_1315.vasp,0.826649903
POSCAR_O_807.vasp,0.571859645
POSCAR_O_1053.vasp,0.356304901
POSCAR_O_1773.vasp,1.475847193
POSCAR_O_1227.vasp,1.679165651
POSCAR_O_1765.vasp,0.859374909
POSCAR_O_1221.vasp,1.28092269
POSCAR_O_1787.vasp,1.379171846
POSCAR_O_563.vasp,1.895319363
POSCAR_O_680.vasp,1.306930315
POSCAR_O_1591.vasp,0.650835931
POSCAR_O_353.vasp,1.237631336
POSCAR_O_1262.vasp,0.652708409
POSCAR_O_499.vasp,0.687860795
POSCAR_O_237.vasp,1.562119739
POSCAR_O_483.vasp,0.43294409
POSCAR_O_1619.vasp,1.178834415
POSCAR_O_985.vasp,0.893905504
POSCAR_O_1791.vasp,0.709460817
POSCAR_O_543.vasp,0.418670255
POSCAR_O_1308.vasp,0.869919538
POSCAR_O_1147.vasp,0.308046458
POSCAR_O_1208.vasp,0.333306272
POSCAR_O_1134.vasp,0.835247809
POSCAR_O_760.vasp,0.346241559
POSCAR_O_171.vasp,0.409052223
POSCAR_O_1148.vasp,1.000943163
POSCAR_O_1623.vasp,1.410016262
POSCAR_O_748.vasp,1.003002362
POSCAR_O_272.vasp,1.303911057
POSCAR_O_187.vasp,0.881598601
POSCAR_O_1073.vasp,1.300734649
POSCAR_O_436.vasp,0.258185971
POSCAR_O_929.vasp,1.284867158
POSCAR_O_966.vasp,1.219889379
POSCAR_O_710.vasp,0.724653918
POSCAR_O_949.vasp,-0.217084484
POSCAR_O_1383.vasp,0.258136143
POSCAR_O_1558.vasp,0.972640343
POSCAR_O_1076.vasp,0.465941644
POSCAR_O_689.vasp,0.277924695
POSCAR_O_629.vasp,1.297216502
POSCAR_O_150.vasp,0.61605305
POSCAR_O_655.vasp,0.407657281
POSCAR_O_487.vasp,0.430904139
POSCAR_O_1225.vasp,1.540993521
POSCAR_O_73.vasp,0.88112907
POSCAR_O_1455.vasp,1.236360698
POSCAR_O_302.vasp,1.470742922
POSCAR_O_1275.vasp,0.322851446
POSCAR_O_1141.vasp,0.512822738
POSCAR_O_1507.vasp,0.658396336
POSCAR_O_291.vasp,1.596475058
POSCAR_O_501.vasp,0.548558496
POSCAR_O_1803.vasp,1.292304337
POSCAR_O_1125.vasp,1.372875657
POSCAR_O_1071.vasp,-0.003530156
POSCAR_O_104.vasp,1.100437467
POSCAR_O_832.vasp,1.694933014
POSCAR_O_128.vasp,0.936974507
POSCAR_O_1138.vasp,0.843275559
POSCAR_O_1127.vasp,0.652068029
POSCAR_O_698.vasp,1.145690114
POSCAR_O_1833.vasp,0.61172823
POSCAR_O_750.vasp,0.94380767
POSCAR_O_1650.vasp,1.980458342
POSCAR_O_1029.vasp,0.698181553
POSCAR_O_742.vasp,0.589944472
POSCAR_O_635.vasp,1.102511069
POSCAR_O_167.vasp,1.33287902
POSCAR_O_1795.vasp,0.390606688
POSCAR_O_1418.vasp,0.14436419
POSCAR_O_663.vasp,1.840891999
POSCAR_O_1203.vasp,1.000656854
POSCAR_O_1691.vasp,0.440856653
POSCAR_O_175.vasp,1.083247719
POSCAR_O_438.vasp,0.927485437
POSCAR_O_1051.vasp,1.260173224
POSCAR_O_1457.vasp,1.315019543
POSCAR_O_1875.vasp,0.638872348
POSCAR_O_200.vasp,0.70694861
POSCAR_O_497.vasp,1.166834649
POSCAR_O_1754.vasp,0.611988979
POSCAR_O_970.vasp,1.703003903
POSCAR_O_478.vasp,0.175690873
POSCAR_O_975.vasp,0.606383062
POSCAR_O_331.vasp,1.360903483
POSCAR_O_469.vasp,0.282411715
POSCAR_O_117.vasp,1.051222785
POSCAR_O_34.vasp,0.190452701
POSCAR_O_319.vasp,1.628720214
POSCAR_O_377.vasp,1.371333507
POSCAR_O_599.vasp,0.746709122
POSCAR_O_955.vasp,1.506099993
POSCAR_O_6.vasp,0.550223228
POSCAR_O_605.vasp,1.284395643
POSCAR_O_858.vasp,1.121955034
POSCAR_O_1241.vasp,1.536849058
POSCAR_O_1102.vasp,0.749617935
POSCAR_O_1651.vasp,0.81561495
POSCAR_O_623.vasp,1.58042532
POSCAR_O_1289.vasp,-0.007525858
POSCAR_O_943.vasp,0.773008458
POSCAR_O_389.vasp,0.561031438
POSCAR_O_213.vasp,1.297157404
POSCAR_O_712.vasp,1.069022814
POSCAR_O_1245.vasp,1.487830391
POSCAR_O_278.vasp,0.634811364
POSCAR_O_1105.vasp,1.15339248
POSCAR_O_4.vasp,0.994273304
POSCAR_O_1641.vasp,1.173512888
POSCAR_O_615.vasp,1.539464959
POSCAR_O_505.vasp,1.091350798
POSCAR_O_785.vasp,0.171243685
POSCAR_O_392.vasp,0.220480142
POSCAR_O_106.vasp,0.741354448
POSCAR_O_1679.vasp,0.640104248
POSCAR_O_1233.vasp,0.56242162
POSCAR_O_1767.vasp,0.771861116
POSCAR_O_1738.vasp,0.364322742
POSCAR_O_758.vasp,0.380802468
POSCAR_O_1239.vasp,0.390455305
POSCAR_O_1287.vasp,0.491412488
POSCAR_O_862.vasp,0.415528956
POSCAR_O_88.vasp,-0.412050716
POSCAR_O_1166.vasp,0.885955268
POSCAR_O_1658.vasp,0.272623292
POSCAR_O_998.vasp,1.55992977
POSCAR_O_571.vasp,0.127101127
POSCAR_O_595.vasp,0.654109414
POSCAR_O_381.vasp,0.340650004
POSCAR_O_1756.vasp,0.416809419
POSCAR_O_1447.vasp,1.626125765
POSCAR_O_1499.vasp,1.806807892
POSCAR_O_1589.vasp,0.565688884
POSCAR_O_1400.vasp,1.207637396
POSCAR_O_1145.vasp,0.826962733
POSCAR_O_1676.vasp,0.455931199
POSCAR_O_1362.vasp,1.434343482
POSCAR_O_609.vasp,1.064081426
POSCAR_O_42.vasp,0.428566065
POSCAR_O_641.vasp,1.721849655
POSCAR_O_1263.vasp,0.202608578
POSCAR_O_262.vasp,0.343796918
POSCAR_O_1356.vasp,0.535268149
POSCAR_O_1835.vasp,0.755703472
POSCAR_O_1672.vasp,0.328048572
POSCAR_O_162.vasp,1.001982355
POSCAR_O_1309.vasp,0.463917404
POSCAR_O_274.vasp,0.855413007
POSCAR_O_472.vasp,0.646929246
POSCAR_O_1742.vasp,0.42944309
POSCAR_O_458.vasp,0.06103506
POSCAR_O_947.vasp,0.829680543
POSCAR_O_1182.vasp,1.207044563
POSCAR_O_682.vasp,1.206811703
POSCAR_O_1198.vasp,1.207050482
POSCAR_O_397.vasp,0.394719872
POSCAR_O_476.vasp,0.56116745
POSCAR_O_1746.vasp,1.116036831
POSCAR_O_1172.vasp,0.961112609
POSCAR_O_1597.vasp,0.789279546
POSCAR_O_1041.vasp,0.263573329
POSCAR_O_811.vasp,0.5623286
POSCAR_O_1258.vasp,0.323658386
POSCAR_O_1113.vasp,1.01063619
POSCAR_O_730.vasp,0.624521523
POSCAR_O_405.vasp,0.717361515
POSCAR_O_1080.vasp,0.233965738
POSCAR_O_448.vasp,0.631263773
POSCAR_O_1674.vasp,0.307661712
POSCAR_O_372.vasp,0.588140554
POSCAR_O_1037.vasp,0.220663942
POSCAR_O_983.vasp,0.776845479
POSCAR_O_235.vasp,1.24039136
POSCAR_O_1317.vasp,1.746893669
POSCAR_O_40.vasp,0.477118904
POSCAR_O_762.vasp,0.862884709
POSCAR_O_357.vasp,0.402052546
POSCAR_O_1217.vasp,0.883856242
POSCAR_O_927.vasp,0.492597718
POSCAR_O_964.vasp,1.061001896
POSCAR_O_601.vasp,1.140978287
POSCAR_O_364.vasp,1.483377711
POSCAR_O_1467.vasp,2.001762048
POSCAR_O_1867.vasp,0.891402532
POSCAR_O_1514.vasp,0.844919166
POSCAR_O_474.vasp,1.606241647
POSCAR_O_1371.vasp,0.857579383
POSCAR_O_333.vasp,0.177293518
POSCAR_O_422.vasp,0.809811467
POSCAR_O_288.vasp,0.452625715
POSCAR_O_1725.vasp,1.03971039
POSCAR_O_813.vasp,0.60488727
POSCAR_O_565.vasp,0.580192507
POSCAR_O_1265.vasp,-0.032469035
POSCAR_O_1389.vasp,1.948127312
POSCAR_O_217.vasp,0.616900873
POSCAR_O_65.vasp,0.641224409
POSCAR_O_578.vasp,0.655796528
POSCAR_O_848.vasp,1.037551603
POSCAR_O_1213.vasp,0.802335469
POSCAR_O_704.vasp,0.647820724
POSCAR_O_1110.vasp,0.920088861
POSCAR_O_1295.vasp,1.21916335
POSCAR_O_868.vasp,0.980756099
POSCAR_O_860.vasp,0.144471467
POSCAR_O_18.vasp,0.276124689
POSCAR_O_1677.vasp,0.239804795
POSCAR_O_827.vasp,0.37804235
POSCAR_O_1068.vasp,0.587051201
POSCAR_O_1424.vasp,1.246280577
POSCAR_O_391.vasp,1.870258452
POSCAR_O_1750.vasp,0.705687829
POSCAR_O_1335.vasp,0.733952487
POSCAR_O_1656.vasp,0.460760284
POSCAR_O_597.vasp,1.108068088
POSCAR_O_767.vasp,0.645810694
POSCAR_O_156.vasp,0.575570355
POSCAR_O_569.vasp,1.492545813
POSCAR_O_1112.vasp,0.342328779
POSCAR_O_1398.vasp,1.434907476